{
  "best_model": "Gradient-Boosted Trees",
  "models": {
    "Linear Regression": {
      "path": "models/linear_regression",
      "RMSE": 28.353141929516394,
      "R2": 0.19855881833057965,
      "MAE": 10.68700867601155
    },
    "Random Forest": {
      "path": "models/random_forest",
      "RMSE": 27.729419149102096,
      "R2": 0.2334317705817769,
      "MAE": 9.958302909806472
    },
    "Gradient-Boosted Trees": {
      "path": "models/gradient_boosted_trees",
      "RMSE": 18.01012638423048,
      "R2": 0.6766277176920488,
      "MAE": 6.413266745545038
    }
  }
}