{
  "best_model": "Gradient-Boosted Trees",
  "models": {
    "Linear Regression": {
      "path": "models/linear_regression",
      "RMSE": 27.435116166902414,
      "R2": 0.20326788449440547,
      "MAE": 10.416703895023593
    },
    "Random Forest": {
      "path": "models/random_forest",
      "RMSE": 18.509076061173985,
      "R2": 0.6373662701923476,
      "MAE": 6.485035743104693
    },
    "Gradient-Boosted Trees": {
      "path": "models/gradient_boosted_trees",
      "RMSE": 12.681073269735878,
      "R2": 0.8297799395774104,
      "MAE": 4.6121069403015085
    }
  }
}